{
  "providers": {
    "awscloudformation": {
      "AuthRoleName": "amplify-smdos-staging-154521-authRole",
      "UnauthRoleArn": "arn:aws:iam::819209460427:role/amplify-smdos-staging-154521-unauthRole",
      "AuthRoleArn": "arn:aws:iam::819209460427:role/amplify-smdos-staging-154521-authRole",
      "Region": "ap-southeast-1",
      "DeploymentBucketName": "amplify-smdos-staging-154521-deployment",
      "UnauthRoleName": "amplify-smdos-staging-154521-unauthRole",
      "StackName": "amplify-smdos-staging-154521",
      "StackId": "arn:aws:cloudformation:ap-southeast-1:819209460427:stack/amplify-smdos-staging-154521/65d5a930-34e1-11ec-936d-06551e22c304",
      "AmplifyAppId": "d18a9vityfb5a0"
    }
  }
}